{"perf/cpu_memory_used_gb":66.97005844116211,"actor/entropy_loss":0.08417968347202986,"actor/lr":1e-06,"_timestamp":1.767321393360034e+09,"timing_per_token_ms/ref":0.013091368478017075,"timing_s/old_log_prob":16.44674774259329,"timing_s/ref":16.66752451378852,"perf/total_num_tokens":1273169,"global_seqlen/balanced_max":212195,"critic/score/min":0,"reward/score_dsr1":8.339821815490723,"perf/max_memory_allocated_gb":64.16527557373047,"response_length/mean":362.3880310058594,"perf/time_per_step":947.5361195523292,"val/test_score/tulu-3-IF-augmented-on-policy-8b":-11.723566857298476,"critic/advantages/mean":-0.0016034573782235384,"actor/pg_clipfrac":0.0006287126107054064,"timing_s/gen":70.84560802672058,"val/test_score/PKU-SafeRLHF":-10.21576953125,"prompt_length/mean":300.7208251953125,"timing_s/testing":388.6662099547684,"_runtime":54623.856005945,"timing_s/step":947.5361195523292,"timing_s/save_checkpoint":38.57795921713114,"timing_s/adv":341.4986061025411,"actor/kl_coef":0.001,"val/test_score_rmrb2/tulu-3-wildchat-if-on-policy-8b":-0.570511791941005,"global_seqlen/mean":212194.83333333334,"val/test_score_rmrb2/DeepWriting-20K":-0.3321266492207845,"val/test_score/SciRIFF-train-mix":-9.230219170598701,"val/test_score_rmrb2/tulu-3-sft-personas-code":0.515844482421875,"critic/returns/min":-2.4748730659484863,"critic/returns/max":2.4748730659484863,"val/test_score/tulu-3-sft-personas-code":-12.5643125,"timing_s/update_actor":74.67751573119313,"val/test_score/RLVR-MATH":-8.396034037896216,"val/test_score/DeepWriting-20K":-9.342890040079753,"response_length/clip_ratio":0,"response_length/max":1031,"timing_per_token_ms/update_actor":0.058654833514791144,"val/test_score_rmrb2/tulu-3-IF-augmented-on-policy-8b":-1.5863114234409041,"perf/throughput":223.94379375594298,"val/test_score_rmrb2/codealpaca_20k":-1.145072265625,"val/test_score_rmrb2/PKU-SafeRLHF":0.07933663940429687,"global_seqlen/max":217493,"actor/ppo_kl":6.797820566362134e-05,"critic/advantages/max":2.4748730659484863,"actor/grad_norm":0.2611616253852844,"prompt_length/min":74,"critic/score/mean":8.339821815490723,"val/invalid_format_cnt_rmrb2":500,"global_seqlen/min":206392,"global_seqlen/balanced_min":212194,"perf/mfu/actor":0.4249276989629734,"val/invalid_format_cnt_skywork":500,"critic/advantages/min":-2.4748730659484863,"_step":82,"critic/rewards/min":0,"val/test_score/codealpaca_20k":-13.22725,"timing_per_token_ms/adv":0.26822723935513754,"critic/score/max":10,"actor/kl_loss":0.09649864584207535,"critic/rewards/max":10,"val/test_score_rmrb2/RLVR-MATH":-1.1352098149024636,"val/test_score_rmrb2/openai_humaneval":0.7695814923542302,"val/test_score/openai_humaneval":-14.042063643292684,"timing_per_token_ms/gen":0.1018211200682978,"reward/invalid_format_cnt_dsr1":1,"val/test_score_rmrb2/xlam-function-calling-60k":1.0430378774578652,"critic/rewards/mean":8.339821815490723,"global_seqlen/minmax_diff":11101,"actor/pg_loss":0.048490175264305435,"response_length/min":74,"prompt_length/clip_ratio":0,"val/test_score/tulu-3-wildchat-if-on-policy-8b":-9.64451794254455,"val/test_score_rmrb2/SciRIFF-train-mix":-0.34777907569809713,"prompt_length/max":681,"_wandb":{"runtime":54623},"perf/max_memory_reserved_gb":107.298828125,"val/test_score/xlam-function-calling-60k":3.1173279494382022,"critic/returns/mean":-0.0016034573782235384}