{"reward/score_dsr1":6.430893421173096,"timing_s/gen":469.9897264568135,"val/test_score/PKU-SafeRLHF":-10.542685546875,"critic/advantages/max":2.474872589111328,"actor/kl_coef":0.001,"timing_s/update_actor":282.0160555653274,"val/test_score_rmrb2/RLVR-MATH":-3.0363645963142254,"val/test_score/xlam-function-calling-60k":1.8986437851123596,"global_seqlen/balanced_min":196551,"response_length/mean":313.3119812011719,"val/test_score/RLVR-MATH":-11.608708730748338,"critic/returns/mean":0.4050515592098236,"val/test_score/openai_humaneval":2.362257050304878,"prompt_length/min":165,"_timestamp":1.767381135348439e+09,"actor/lr":1e-06,"timing_per_token_ms/ref":0.053159468032176256,"val/invalid_format_cnt_skywork":2558,"val/test_score_rmrb2/SciRIFF-train-mix":-0.8299309003471148,"actor/pg_loss":-0.4334064880385995,"prompt_length/clip_ratio":0,"val/test_score_rmrb2/xlam-function-calling-60k":0.6690863105688202,"global_seqlen/balanced_max":196552,"val/test_score_rmrb2/openai_humaneval":0.22263392006478658,"actor/grad_norm":0.29921743273735046,"val/test_score/tulu-3-IF-augmented-on-policy-8b":-11.195482706971678,"actor/pg_clipfrac":0,"val/test_score_rmrb2/codealpaca_20k":-0.9967890625,"critic/rewards/min":-1,"critic/returns/max":2.474872589111328,"val/test_score/tulu-3-sft-personas-code":6.848062255859375,"response_length/max":2048,"timing_per_token_ms/gen":0.7812861688659193,"val/test_score_rmrb2/tulu-3-sft-personas-code":2.0334251708984374,"val/test_score_rmrb2/PKU-SafeRLHF":-0.605801025390625,"critic/advantages/min":-2.4748730659484863,"val/test_score_rmrb2/DeepWriting-20K":-0.5824821472167969,"timing_s/step":1419.939656010829,"_runtime":3146.668741644,"perf/time_per_step":1419.939656010829,"perf/total_num_tokens":1179311,"response_length/clip_ratio":0.00572916679084301,"actor/entropy_loss":0.6610353952273726,"global_seqlen/mean":196551.83333333334,"_wandb":{"runtime":3146},"global_seqlen/minmax_diff":22059,"perf/max_memory_allocated_gb":60.821195125579834,"critic/advantages/mean":0.4050515592098236,"prompt_length/max":701,"val/test_score_rmrb2/tulu-3-wildchat-if-on-policy-8b":-0.9482025210462526,"perf/mfu/actor":0.10418055278562277,"critic/score/max":10,"timing_s/ref":62.69154540449381,"prompt_length/mean":300.9125061035156,"critic/rewards/mean":6.430893421173096,"perf/throughput":138.4226664149412,"timing_per_token_ms/adv":0.4674538890581176,"global_seqlen/min":182982,"critic/returns/min":-2.4748730659484863,"critic/score/mean":6.430893421173096,"_step":1,"critic/score/min":-1,"actor/ppo_kl":0,"critic/rewards/max":10,"perf/max_memory_reserved_gb":81.21875,"val/test_score/codealpaca_20k":-2.3486171875,"timing_s/adv":551.2735133590177,"global_seqlen/max":205041,"val/test_score/tulu-3-wildchat-if-on-policy-8b":-8.177456965736374,"perf/cpu_memory_used_gb":170.39763259887695,"val/invalid_format_cnt_rmrb2":2558,"timing_per_token_ms/update_actor":0.2391362885323103,"val/test_score/DeepWriting-20K":-7.06529541015625,"val/test_score_rmrb2/tulu-3-IF-augmented-on-policy-8b":-2.1372032581071707,"response_length/min":2,"val/test_score/SciRIFF-train-mix":-8.245481585512067,"timing_s/old_log_prob":53.74809742346406,"actor/kl_loss":0.00044892702135257423,"reward/invalid_format_cnt_dsr1":1334}